id,city,district,drainage_company,wwtp_name,treatment_capacity_10k_m3_per_day,annual_treatment_volume_10k_m3,treatment_process,advanced_treatment_process,disinfection_method,cod_influent_mg_l,cod_effluent_mg_l,bod5_influent_mg_l,bod5_effluent_mg_l,ss_influent_mg_l,ss_effluent_mg_l,nh3n_influent_mg_l,nh3n_effluent_mg_l,tn_influent_mg_l,tn_effluent_mg_l,tp_influent_mg_l,tp_effluent_mg_l,annual_electricity_consumption_kwh,sludge_treatment_process,treatment_process_standardized
1,上海市,松江区,上海城投亭南污水处理有限公司,上海城投亭南污水处理有限公司泖港污水处理厂,0.4,116.97,A2O,膜过滤,次氯酸钠,137.0,18.0,57.2,4.87,84.0,6.0,21.0,0.11,28.0,7.83,2.88,0.39,853581.0,A2O法,A2O
2,上海市,松江区,上海城投亭南污水处理有限公司,上海城投亭南污水处理有限公司叶榭污水处理厂,1.7,610.56,氧化沟,膜过滤,次氯酸钠,149.0,15.5,61.1,4.53,89.0,6.0,17.4,0.06,30.7,8.6,3.35,0.36,2100402.0,氧化沟,Oxidation Ditch
3,上海市,松江区,上海城投亭南污水处理有限公司,上海城投亭南污水处理有限公司新浜污水处理厂,1.2,396.35,氧化沟,滤布滤池,次氯酸钠,172.0,18.1,70.0,4.82,100.0,6.0,9.55,0.13,8.6,6.24,2.33,0.16,1431070.0,氧化沟,Oxidation Ditch
4,上海市,崇明区,上海城投城桥污水处理有限公司长兴污水处理厂,长兴污水处理厂,5.5,1058.62,A2O,高效沉淀池加反硝化深床滤池,紫外线加次氯酸钠消毒,258.0,14.3,120.0,4.29,258.0,6.0,30.5,0.18,44.2,8.21,4.93,0.1,7694500.0,A2O法,A2O
5,上海市,崇明区,上海城投城桥污水处理有限公司堡镇污水处理厂,上海城投城桥污水处理有限公司堡镇污水厂,1.25,461.63,AAO,高效沉淀池+转盘滤池,紫外线消毒+次氯酸钠,106.9,20.28,59.6,2.34,182.6,7.13,15.0,0.13,21.8,6.5,3.04,0.21,2706639.0,A2O法,A2O
6,上海市,崇明区,上海城投城桥污水处理有限公司陈家镇污水处理厂,上海城投城桥污水处理有限公司陈家镇污水厂,3.5,555.49,AAO+二沉池,高效沉淀池+转盘滤池,紫外线消毒+次氯酸钠,198.0,25.9,110.0,2.91,195.0,8.0,29.5,0.6,43.3,8.2,7.64,0.28,415090.0,A2O法,A2O
7,上海市,崇明区,上海城投城桥污水处理有限公司城桥污水处理厂,上海城投城桥污水处理有限公司城桥污水处理厂,5.0,1741.52,AAO,高效沉淀池+转盘滤池,紫外线消毒+次氯酸钠,195.0,23.9,108.0,2.52,190.0,8.0,19.7,0.2,33.0,6.0,7.59,0.21,876080.0,A2O法,A2O
8,南京市,玄武区,江苏金陵环境股份有限公司,江苏金陵环境股份有限公司江心洲污水处理厂,67.0,24745.32,改良型A2/O,反硝化深床滤池,液氯消毒,206.0,17.0,95.1,3.0,108.0,2.0,22.2,0.33,25.7,8.1,2.52,0.08,77881049.0,A2O法,Modified A2O
9,南京市,玄武区,江苏金陵环境股份有限公司,江苏金陵环境股份有限公司桥北污水处理厂,20.0,6649.29,强化脱氮改良型A2/O,高效混凝沉淀池＋纤维转盘滤池／反硝化深床滤池,次氯酸钠消毒,315.0,16.0,155.0,1.0,242.0,6.0,25.9,0.42,34.4,9.1,4.57,0.12,21323400.0,A2O法,Modified A2O
10,南京市,玄武区,江苏金陵环境股份有限公司,江苏金陵环境股份有限公司铁北污水处理厂,19.5,5159.86,强化脱氮改良型A2/O+多级AO生化池,一二期：微絮凝池＋砂滤，三期：高效沉淀池＋深床反硝化滤池,次氯酸钠＋紫外,244.0,13.0,118.0,1.1,139.0,5.0,24.2,0.37,29.0,7.5,3.2,0.06,1805264.4,A2O法,Multi-stage A2O
11,南京市,玄武区,江苏金陵环境股份有限公司,江苏金陵环境股份有限公司八卦洲污水处理厂,0.5,124.62,改良型A2/O,深床滤池,次氯酸钠消毒,141.0,16.3,66.9,1.1,112.0,5.0,23.1,0.28,27.2,7.85,3.67,0.14,926440.0,A2O法,Modified A2O
12,南京市,玄武区,江苏金陵环境股份有限公司,城北污水处理厂（一级A段）,30.0,10926.54,UNITANK,高效沉淀池＋曝气生物滤池＋转盘滤布滤池,液氯消毒,223.0,22.0,111.0,2.22,186.0,6.0,22.1,0.22,28.8,10.4,3.32,0.1,7733500.0,SBR工艺,UNITANK
13,南京市,玄武区,江苏金陵环境股份有限公司,城南污水处理厂,20.0,2995.45,改良型A2/O,反硝化深床滤池,次氯酸钠＋紫外,272.0,15.0,104.0,2.2,127.0,5.0,26.5,0.28,30.7,6.82,3.16,0.16,13200239.0,A2O法,Modified A2O
14,南京市,玄武区,江苏金陵环境股份有限公司,江苏金陵环境股份有限公司城东三期污水处理厂,15.0,5451.78,多段强化脱氮改良剂A2/O,MBR工艺,次氯酸消毒,217.0,16.0,80.5,1.4,183.0,5.0,32.1,0.53,34.9,7.38,3.79,0.24,20707200.0,A2O法,Modified A2O
15,常州市,天宁区,常州市城市排水有限公司,常州市城市排水有限公司江边污水处理厂,30.0,6880.53,AAO,高效沉淀+V型滤池,次氯酸钠,314.0,14.7,125.0,2.0,149.0,5.0,29.7,0.1,42.0,7.8,4.99,0.1,20881907.0,A2O法,A2O
16,常州市,天宁区,常州市城市排水有限公司,常州市城市排水有限公司戚墅墅污水处理厂,9.5,3107.6,AAO,高效沉淀+V型滤池,次氯酸钠,270.0,11.4,125.0,2.0,128.0,4.0,22.2,0.1,30.6,7.21,4.0,0.06,11463450.0,A2O法,A2O
17,常州市,天宁区,常州市城市排水有限公司,常州市深水城北污水处理厂,15.0,5434.56,AAO,高效沉淀+V型滤池,次氯酸钠,310.0,13.0,170.0,2.5,192.0,4.0,29.0,0.21,38.1,6.98,5.0,0.13,17198637.0,A2O法,A2O
18,常州市,天宁区,常州市城市排水有限公司,常州市深水江边污水处理有限公司,20.0,6744.88,AAO,高效沉淀+V型滤池,次氯酸,242.0,26.0,120.0,2.72,127.0,5.0,22.3,0.4,29.0,0.26,2.61,0.16,19247000.0,A2O法,A2O
19,苏州市,姑苏区,苏州市排水有限公司,苏州市排水有限公司福星污水处理厂,18.0,6104.48,AAO+改良交替式+AAOAO活性污泥法,高效沉淀+V型滤池,次氯酸钠、紫外线消毒,332.0,13.4,173.0,1.88,147.0,5.15,30.5,0.34,42.4,7.57,4.55,0.12,2831300.0,A2O法+传统活性污泥法,Modified A2O
20,苏州市,姑苏区,苏州市排水有限公司,苏州市排水有限公司娄江污水处理厂,14.0,4755.26,改良交替式+AAOAO活性污泥法,高效沉淀+V型滤池,次氯酸钠、紫外线消毒,330.0,14.0,174.0,1.89,151.0,5.0,29.4,0.38,40.4,7.63,4.48,0.11,1925800.0,A2O法+传统活性污泥法,Modified A2O
21,苏州市,姑苏区,苏州市排水有限公司,苏州市排水有限公司城东污水处理厂,4.0,1459.99,AAO活性污泥法,V型滤池,次氯酸钠、紫外线消毒,204.0,14.8,106.0,1.92,93.0,5.0,18.8,0.28,26.2,5.61,2.69,0.13,4485300.0,A2O法,A2O
22,扬州市,广陵区,扬州市洁源排水有限公司,汤旺污水处理厂,26.0,9145.61,改良型CAST工艺+AAO,反硝化滤池+高效沉淀池,次氯酸钠消毒,191.0,15.0,88.6,3.0,110.0,6.0,30.1,0.37,34.7,8.21,3.23,0.19,23878061.0,SBR工艺+A2O法,Modified A2O
23,扬州市,广陵区,扬州市洁源排水有限公司,六圩污水处理厂,20.0,6848.81,水解酸化+氧化沟+活性砂滤、改良型AAO+高效沉淀池+转盘过滤器、改良型AAO+深床滤池,一期活性沙滤池，二期高密度沉淀池，三期反硝化深床滤池,次氯酸钠消毒,223.0,17.0,98.4,3.2,128.0,6.0,32.5,0.47,36.7,8.96,3.82,0.17,2362030.0,氧化沟+物理化学法,Modified A2O
24,扬州市,广陵区,扬州市洁源排水有限公司,北山污水处理厂,8.0,1467.11,改良型AAO工艺,反硝化滤池+高效沉淀池,次氯酸钠消毒,203.0,15.0,94.2,2.6,114.0,7.0,26.4,0.39,32.6,7.6,3.49,0.17,4615814.0,A2O法,Modified A2O
25,杭州市,上城区,杭州市排水有限公司,七格污水处理厂三期,60.0,16842.68,A2O,深床滤池,紫外线消毒,278.2,12.6,107.6,1.06,119.1,4.2,26.4,0.48,34.9,7.6,4.35,0.14,5285009.0,A2O法,A2O
26,杭州市,上城区,杭州市排水有限公司,七格污水处理厂四期,30.0,9437.51,A2O,深床滤池,紫外线消毒,262.8,13.2,104.3,0.67,105.2,37.0,25.3,0.18,33.8,6.8,4.02,0.1,3533603.0,A2O法,A2O
27,杭州市,上城区,杭州市排水有限公司,城西污水处理厂,10.0,3459.31,Bardenphop+MBBR,混凝、沉淀、过滤,紫外线消毒,352.8,10.0,117.5,1.0,154.1,1.6,30.7,0.11,38.4,4.7,3.88,0.06,21020400.0,A2O法+生物膜法,Bardenphop+MBBR
28,杭州市,富阳区,杭州富阳水务有限公司,杭州富阳水务有限公司富阳排水分公司,14.0,4804.25,氧化沟+多膜A2O,高效沉淀池+纤维转盘滤池,紫外线消毒+次氯酸钠消毒,231.5,19.8,107.6,2.1,47.0,6.0,17.7,0.82,21.87,8.95,1.57,0.11,18750320.0,氧化沟+A2O法,A2O
29,杭州市,富阳区,杭州富阳水务有限公司,杭州富阳水务有限公司新登排水分公司,2.9,1097.73,AO延时曝气+高效浅层气浮池+纤维转盘滤池+臭氧接触池,,紫外线消毒+次氯酸钠消毒,307.3,27.3,114.7,1.7,142.0,6.0,13.4,0.44,7.84,5.17,3.1,0.09,3996380.0,改进型A/O法+物理化学法,AO延时曝气+高效浅层气浮池+纤维转盘滤池+臭氧接触池
30,杭州市,富阳区,杭州富阳水务有限公司,杭州富阳水务有限公司场口排水分公司,1.0,151.7,AAO工艺,高密度沉淀+活性砂滤,次氯酸钠消毒+紫外线消毒,244.0,28.0,101.6,4.3,69.0,8.0,13.5,0.34,20.64,6.54,1.53,0.13,980657.0,A2O法,A2O
31,杭州市,富阳区,杭州富阳水务有限公司,杭州富阳水务有限公司大源污水厂,6.0,771.64,AAO+高密度沉淀,,次氯酸钠消毒,279.42,17.76,115.64,2.21,141.0,6.0,7.78,0.39,11.84,3.97,0.63,0.03,3856960.0,A2O法+物理化学法,A2O
32,杭州市,临安区,杭州临安排水有限公司,净水一厂,6.0,1916.44,三沟式氧化沟,高效植物脱氮除磷,次氯酸钠药剂,151.0,15.1,59.2,1.85,92.0,1.0,24.9,0.45,28.4,8.24,2.53,0.13,7669859.0,氧化沟,Oxidation Ditch
33,杭州市,临安区,杭州临安排水有限公司,净水二厂,4.0,1168.56,倒置A2O,高效絮凝沉淀池+纤维束滤池+湿地低碳处理系统,次氯酸钠药剂,188.0,16.1,83.9,0.96,94.0,2.0,22.5,0.2,25.7,5.68,2.36,0.11,4247901.0,A2O法,A2O
34,杭州市,临安区,杭州青山湖科技城排水有限公司,杭州青山湖科技城排水有限公司,4.0,888.64,初沉+NSBR,反硝化深床滤池+微絮凝+活性砂过滤,次氯酸钠,194.0,11.0,70.5,0.8,146.0,3.0,13.93,0.53,8.92,8.48,1.17,0.12,324345.0,SBR工艺,SBR
35,杭州市,临平区,杭州余杭水务控股集团有限公司,余杭污水处理厂（一二三期）,6.0,2077.64,氧化沟及其衍生工艺、MBR及其衍生工艺,曝气生物滤池+活性砂滤池、MBR膜池,次氯酸钠消毒,262.58,10.39,126.88,2.0,201.77,4.55,36.35,0.11,42.6,5.3,4.17,0.09,13329591.0,氧化沟+MBR工艺,Oxidation Ditch
36,杭州市,临平区,杭州余杭水务控股集团有限公司,良渚污水厂,9.0,3113.56,氧化沟及其衍生工艺、MBR及其衍生工艺,曝气生物滤池+活性砂滤池、MBR膜池,次氯酸钠消毒,241.69,14.74,112.25,2.0,144.49,5.35,33.22,0.4,39.07,9.32,4.47,0.17,1433800.0,氧化沟+MBR工艺,Oxidation Ditch
37,杭州市,临平区,杭州余杭水务控股集团有限公司,径山污水厂,3.0,435.28,MBR及其衍生工艺,MBR膜池,次氯酸钠消毒,113.75,9.95,45.8,2.0,94.89,4.12,8.28,0.04,13.23,3.33,1.85,0.09,3478740.0,MBR工艺,MBR
38,杭州市,临平区,杭州余杭水务控股集团有限公司,临平净水厂,20.0,6666.35,MBR及其衍生工艺,MBR膜池,次氯酸钠消毒,282.53,12.11,168.35,2.0,60.49,0.23,37.28,0.14,49.47,6.45,3.95,0.08,32041951.0,MBR工艺,MBR
39,杭州市,临平区,杭州余杭水务控股集团有限公司,塘栖污水厂,3.0,691.09,SBR及其衍生工艺,滤布滤池,次氯酸钠消毒,213.22,20.02,112.66,2.0,101.05,4.03,27.45,0.45,31.3,6.32,3.36,0.11,268190.0,SBR工艺,SBR
40,杭州市,临平区,杭州余杭水务控股集团有限公司,崇贤污水厂,2.0,647.04,氧化沟+二沉池,反硝化滤池,次氯酸钠消毒,247.68,14.08,128.28,2.0,88.36,4.0,43.4,0.19,46.64,9.85,4.52,0.1,3531168.0,氧化沟,Oxidation Ditch
41,杭州市,钱塘区,杭州天创水务有限公司,杭州七格污水处理厂一二期,60.0,19715.32,倒置AAO,反硝化深床滤池,紫外消毒,292.31,16.47,142.41,4.87,125.43,5.1,31.93,0.33,36.5,0.42,4.08,0.24,78633240.0,A2O法,A2O
42,杭州市,建德市,杭州建德污水处理有限公司,杭州建德污水处理有限公司,4.9,1661.54,改良型氧化沟,高效澄清池加纤维转盘滤池,紫外线消毒,198.66,11.53,67.5,2.02,140.92,2.83,8.65,0.17,7.71,8.66,2.13,0.11,8706572.0,氧化沟,Modified Oxidation Ditch
43,宁波市,鄞州区,宁波市城市排水有限公司,福明净化水厂,10.0,3437.56,AAO,MBR(一期)高效沉淀+反硝化深床滤池(二期),次氯酸钠消毒,213.8,15.3,82.38,2.01,185.01,5.0,22.46,0.08,27.55,9.94,3.55,0.18,12892544.0,A2O法,A2O
44,宁波市,郭州区,宁波市城市排水有限公司,岚山净化水厂,35.0,8181.33,AAO,高效沉淀池+反硝化深床滤池,次氯酸钠消毒,213.83,15.33,76.47,2.02,185.01,5.35,20.93,0.17,26.89,10.65,2.91,0.19,37093148.0,A2O法,A2O
45,宁波市,鄭州区,宁波市城市排水有限公司,栎社净化水厂,17.0,5575.92,AAO,高效沉淀池+反硝化深床滤池,次氯酸钠消毒,218.47,18.25,78.14,2.02,218.56,5.0,18.6,0.14,22.53,0.54,3.69,0.16,1511349.0,A2O法,A2O
46,宁波市,鄞州区,宁波市城市排水有限公司,长丰净化水厂,32.0,11644.23,AAO+MBBR,高效沉淀池+滤布滤池,次氯酸钠+紫外线消毒,191.37,15.34,69.48,2.0,165.25,5.0,19.32,0.08,23.59,9.14,3.32,0.17,3161136.0,A2O法+生物膜法,A2O
47,宁波市,鄞州区,宁波市城市排水有限公司,新周净化水厂,16.0,6008.45,AAOAO+MBR,高效沉淀池+反硝化深床滤池,次氯酸钠+紫外线消毒,218.61,15.58,83.02,2.0,155.36,5.0,20.57,0.11,27.65,8.8,5.69,0.06,2478022.0,A2O法+生物膜法,A2O
48,宁波市,奉化区,宁波市奉化区污水处理厂,宁波市奉化区污水处理厂,9.0,2593.74,MBBR,超效分离混合池+深床滤池+滤  布滤池+紫外线消毒,紫外线消毒,220.0,19.1,93.0,2.8,174.0,3.2,16.5,0.39,20.9,10.2,3.4,0.15,6686630.0,生物膜法,MBBR
49,宁波市,象山县,象山县污水处理有限公司,象山县中心城区污水厂,7.0,2544.83,AAO,高效沉淀池+深床反硝化     滤池,次氯酸钠消毒,169.72,17.92,69.42,1.54,58.69,2.22,20.68,0.18,22.12,8.63,2.38,0.2,6235168.0,A2O法,A2O
50,宁波市,象山县,象山县污水处理有限公司,西周污水厂,1.5,371.6,A2O,高效沉淀+反确化,次氯酸钠消毒,114.57,24.53,36.18,2.1,61.0,5.0,10.63,0.62,14.32,5.89,0.95,0.05,1556670.0,A2O法,A2O
51,宁波市,象山县,象山县污水处理有限公司,城东污水厂,2.0,219.96,水解酸化+AO,高效沉淀+反确化,次氯酸纳消毒,199.3,40.3,54.7,1.5,151.0,7.0,14.87,0.83,18.1,6.86,1.4,0.25,2046684.0,传统活性污泥法,水解酸化+AO
52,宁波市,象山县,象山县污水处理有限公司,贤庠污水厂,0.5,128.65,A2O,高效沉淀,次氯酸钠消毒,86.7,15.0,28.7,2.9,42.0,4.0,8.37,0.15,16.68,6.14,0.93,0.11,633780.0,A2O法,A2O
53,宁波市,象山县,象山县污水处理有限公司,鹤浦污水厂,0.45,98.39,A2O,高效沉淀,次氯酸钠消毒,143.7,21.0,48.2,2.06,97.0,3.0,15.4,0.17,7.3,7.44,1.95,0.2,1302096.0,A2O法,A2O
54,宁波市,宁海县,宁海县排水有限公司,宁海县城南污水处理厂,1.5,482.39,改良型氧化沟,磁混凝流淀池、纤维转盘滤池,紫外消毒,150.04,12.19,65.1,5.33,152.56,5.63,12.67,0.37,27.21,7.91,2.81,0.07,12008.0,氧化沟,Modified Oxidation Ditch
55,宁波市,宁海县,宁海县排水有限公司,宁海县宁东污水处理厂,0.4,157.56,改良型氧化沟,无,紫外消毒,135.18,15.19,51.56,5.89,81.67,6.17,9.87,0.45,16.67,7.47,1.08,0.2,1084132.0,氧化沟,Modified Oxidation Ditch
56,宁波市,宁海县,宁海县排水有限公司,宁海县长街污水处理厂,0.5,139.04,AAO,无,紫外消毒,240.88,11.79,83.86,7.83,97.18,7.54,17.12,0.15,31.81,6.84,2.33,0.1,906180.0,A2O法,A2O
57,宁波市,宁海县,宁海县排水有限公司,宁海县深甽污水处理厂,0.25,71.26,AAO,无,紫外消毒,160.16,23.56,59.07,6.48,104.25,6.4,18.88,0.25,25.03,4.18,2.01,0.18,576974.0,A2O法,A2O
58,宁波市,宁海县,宁海县排水有限公司,宁海县西店污水处理厂,0.75,149.8,改良型氧化沟,无,紫外消毒,118.67,27.37,37.57,6.65,78.78,7.63,19.51,1.27,28.59,9.68,2.54,0.22,727628.0,氧化沟,Modified Oxidation Ditch
59,温州市,鹿城区,温州杭钢水务有限公司,温州中心片污水处理厂,40.0,12233.08,改良AAO生化池,高效沉淀池,紫外线消毒,185.82,8.72,99.93,2.77,182.38,2.35,24.17,0.14,27.13,9.0,3.52,0.19,30509120.0,A2O法,Modified A2O
60,温州市,瑞安市,瑞安市排水建设发展有限公司,湖岭污水处理厂,0.6,155.73,AO,滤布滤池,次氯酸的,146.4,12.93,79.95,1.25,107.17,0.91,17.83,0.37,23.62,8.55,2.77,0.15,603764.0,传统活性污泥法,AO
61,温州市,瑞安市,瑞安市排水建设发展有限公司,陶山污水处理厂,1.0,222.76,AAO,滤布滤池,次氯酸钠,92.16,10.07,28.02,2.06,61.07,0.8,35.4,0.18,37.21,6.24,2.25,0.09,1058230.0,A2O法,A2O
62,温州市,瑞安市,瑞安市排水建设发展有限公司,马屿污水处理厂,1.0,197.9,AO,滤布滤池,次氯酸钠,122.68,7.91,44.79,0.76,103.11,1.07,32.4,0.21,35.16,7.03,2.83,0.1,1283372.0,传统活性污泥法,AO
63,温州市,瑞安市,瑞安市排水建设发展有限公司,高楼污水处理厂,0.2,45.7,AO,滤布滤池,次氯酸钠,130.91,11.04,73.02,0.28,63.93,0.82,26.91,0.55,30.73,8.29,2.95,0.12,358110.0,传统活性污泥法,AO
64,温州市,龙港市,温州公用事业发展集团龙港水务有限公司,城东污水处理分公司,6.0,1731.4,cast工艺,高效沉淀、反硝化滤池,紫外线、次氯酸钠,177.0,19.5,89.0,2.33,106.0,3.5,23.77,0.43,25.99,8.86,2.79,0.17,5300805.0,SBR工艺,CAST
65,温州市,龙港市,温州公用事业发展集团龙港水务有限公司,临港污水处理分公司,1.8,407.32,A2O-SBR,高效沉淀池、反硝化滤池,次氯酸钠,224.22,21.57,48.62,1.75,164.85,3.25,32.81,0.59,38.06,8.88,4.91,0.29,2251108.0,A2O法+SBR工艺,A2O
66,嘉兴市,南湖区,嘉兴市联合污水处理有限责任公司,嘉兴市联合污水处理厂,60.0,18262.0,AAO+MBR,混凝、过滤、沉淀；反硝化滤池,臭氧、次氯酸钠,254.0,32.0,82.8,2.7,150.0,6.0,24.2,0.38,32.5,1.5,5.49,0.22,61525440.0,A2O法+生物膜法,A2O
67,嘉兴市,海宁市,海宁首创水务有限责任公司,丁桥污水处理厂,15.0,4829.0,SBR+AAO,反硝化滤池、臭氧催化氧化,次氯酸钠消毒,248.0,21.1,123.0,1.82,125.0,3.8,31.5,0.23,34.2,9.5,3.6,0.1,16404000.0,SBR工艺+A2O法,A2O
68,湖州市,德清县,德清县恒丰污水处理有限公司狮山污水处理厂,狮山污水处理厂,5.0,1579.76,A2O,混凝沉淀,次氯酸钠,232.0,14.0,144.0,2.21,105.0,3.16,29.0,0.19,29.8,5.38,3.0,0.1,4110970.0,A2O法,A2O
69,湖州市,德清县,德清县恒丰污水处理有限公司狮山污水处理厂,城南污水处理厂,1.5,473.75,CAST,混凝沉淀,次氯酸钠,167.0,12.0,112.0,1.9,98.0,2.61,26.5,0.28,30.7,6.82,3.16,0.16,13200239.0,SBR工艺,CAST
70,湖州市,长兴县,长兴兴长污水处理有限公司,长兴兴长污水处理有限公司,6.0,1968.02,AAO,V型滤池,次钠消毒,184.0,15.7,108.0,1.06,79.0,4.7,18.1,0.4,22.0,7.01,2.47,0.12,6615952.0,A2O法,A2O
71,湖州市,长兴县,长兴兴长污水处理有限公司,长兴深长污水处理有限公司,3.0,77994.0,三段式AO,磁混凝高效沉淀池,次氯酸钠,185.0,17.1,113.0,1.16,62.0,5.2,22.7,0.43,26.1,7.99,2.58,0.16,3295600.0,传统活性污泥法,三段式AO
72,湖州市,长兴县,长兴兴长污水处理有限公司,长兴深水水质净化有限公司,3.0,272.15,三段式A2O,MBR膜处理工艺,紫外+次氯酸钠,105.0,12.9,65.1,0.81,43.0,4.1,1.8,0.27,14.6,3.68,0.37,0.08,1403590.0,A2O法,A2O
73,绍兴市,柯桥区,绍兴市水处理发展有限公司,绍兴水处理发展有限公司,30.0,7780.0,AO工艺改造+深床反硝化滤池,“深床反硝化滤池”工艺,次氯酸钠,319.0,16.0,110.0,1.6,122.0,8.0,39.1,0.13,41.9,9.5,4.24,0.06,3838948.0,改进型A/O法+物理化学法,AO工艺改造+深床反硝化滤池
74,绍兴市,柯桥区,绍兴市水处理发展有限公司,绍兴水处理发展有限公司,50.0,1455.0,预处理+延时爆气+芬顿氧化加气浮组合,“深床反硝化滤池”工艺,次氯酸钠,437.0,66.0,138.0,6.4,142.0,23.0,39.1,0.13,41.9,9.5,4.24,0.06,3838948.0,化学法（芬顿氧化主导）,预处理+延时爆气+芬顿氧化加气浮组合
75,金华市,义乌市,义乌市水处理有限责任公司,义乌市水处理有限责任公司中心运营部,7.0,2363.73,三沟式氧化沟,气浮池+曝气生物滤池+砂滤池,次氯酸钠消毒,207.0,13.9,102.5,1.35,116.0,7.0,33.1,0.18,37.61,8.81,3.72,0.11,1240815.0,氧化沟,Oxidation Ditch
76,金华市,义乌市,义乌市水处理有限责任公司,义乌市水处理有限责任公司稠江运营部,15.0,535946.0,分点进水倒置A2O,高效流淀池+纤维转盘滤池,次氯酸钠消毒,187.0,17.9,93.5,1.41,110.0,7.0,28.71,0.39,34.54,9.59,3.5,0.13,16296720.0,A2O法,A2O
77,金华市,义乌市,义乌市水处理有限责任公司,义乌市水处理有限责任公司江东运营部,12.0,414.83,卡鲁赛尔氧化沟+微曝氧化沟,纤维转盘滤池(一期);高效沉淀池+反确化深床滤池(二期),次氯酸钠消毒,198.0,14.7,96.8,1.35,111.0,7.0,28.67,0.23,34.74,7.35,3.86,0.12,14712579.0,氧化沟,Oxidation Ditch
78,金华市,义乌市,义乌市水处理有限责任公司,义乌市水处理有限责任公司后宅运营部,4.0,1342.33,卡鲁赛尔氧化沟,纤维转盘滤池/气浮砂滤深度处理,次氯酸钠消毒,167.0,14.3,84.4,1.35,101.0,7.0,33.18,0.18,38.39,6.99,3.89,0.06,5964490.0,氧化沟,Oxidation Ditch
79,金华市,义乌市,义乌市水处理有限责任公司,义乌市水处理有限责任公司佛堂运营部,6.0,2041.45,水解池+多级AO,高效沉淀池+反确化深床滤池(一期);磁介质混凝沉淀池(二期),次氯酸钠消毒,197.0,22.3,95.8,1.5,110.0,7.0,23.73,0.3,30.88,9.75,2.98,0.09,10273120.0,传统活性污泥法,水解池+多级AO
80,金华市,义乌市,义乌市水处理有限责任公司,义乌市水处理有限责任公司大陈运营部,2.0,620.75,倒置A2O,高效沉淀池+纤维转盘滤池,次氯酸钠消毒,150.0,13.0,78.8,1.3,94.0,7.0,22.09,0.21,27.76,6.55,2.78,0.13,2415495.0,A2O法,A2O
81,金华市,义乌市,义乌市水处理有限责任公司,义乌市水处理有限责任公司义亭运营部,7.0,2481.23,多模式A2O,连续流砂滤池(一期);纤维转盘滤池(二期),次氯酸钠消毒,195.0,20.6,95.1,1.47,109.0,7.0,24.6,0.32,31.4,8.19,2.82,0.16,10115680.0,A2O法,A2O
82,金华市,义乌市,义乌市水处理有限责任公司,义乌市水处理有限责任公司苏溪运营部,4.0,676.25,改良式氧化沟,连续流砂滤池,次氯酸钠消毒,166.0,14.4,83.3,1.32,96.0,7.0,25.3,0.27,30.59,6.5,2.96,0.08,3866070.0,氧化沟,Modified Oxidation Ditch
83,金华市,义乌市,义乌市水处理有限责任公司,义乌市水处理有限责任公司恭岸运营部,2.0,48.9,水解池+AO-SBR,连续流砂滤池,次氯酸钠消毒,184.0,24.1,90.4,1.49,108.0,7.0,19.06,0.44,28.42,6.88,2.67,0.13,1692840.0,SBR工艺+传统活性污泥法,SBR
84,金华市,东阳市,东阳中持水务有限公司,东阳市污水处理厂,13.9,356695.0,多级AO+AAO,深床反硝化滤池,次氯酸钠消毒,254.0,14.0,100.8,4.79,216.0,4.0,27.0,0.23,29.4,9.19,2.38,0.14,13461463.0,改进型A/O法+A2O法,Multi-stage A2O
85,金华市,永康市,永康市钱江水务有限公司,永康市钱江水务有限公司城市污水处理厂,16.0,5264.29,AAO,活性砂滤池,次氧酸钠消毒,201.17,28.0,80.02,6.54,41.56,3.67,19.94,0.21,25.03,9.52,2.54,0.17,13468980.0,A2O法,A2O
86,衢州市,柯城区,浙江衢州水业集团有限公司,浙江衢州水业集团环境科技有限公司,15.0,4329.07,其它,其它,次氯酸钠消毒,209.7,5.91,118.0,1.96,165.7,6.06,14.23,0.26,21.29,8.03,2.24,0.14,9616591.0,未明确分类,其它
87,台州市,临海市,临海市排水有限公司,临海市江南污水处理厂,3.0,793.07,水解酸化+改良型氧化沟,反硝化深床滤池,加药消毒,189.87,17.49,93.97,2.89,184.84,,12.55,0.26,17.8,5.76,2.75,0.2,374000.0,氧化沟,Modified Oxidation Ditch
88,丽水市,莲都区,丽水市供排水有限责任公司,腊口污水处理厂,12.0,3396.25,无,无,无,110.89,9.91,49.19,2.19,77.52,2.67,23.26,0.16,28.89,7.4,3.23,0.09,11707044.0,无,无
89,丽水市,莲都区,丽水市供排水有限责任公司,水阁污水处理厂,5.0,1510.84,无,无,无,185.1,27.65,76.5,5.7,83.2,3.3,22.75,0.27,37.17,6.93,1.3,0.06,9995006.0,无,无
90,丽水市,青田县,青田县水务有限公司,江北污水处理厂,1.0,34.18,改良型SBR,反确化滤池,二氧化氯消毒,242.93,13.7,83.41,4.5,141.77,4.3,24.77,0.04,27.93,5.23,4.61,0.14,2192185.0,SBR工艺,SBR
91,丽水市,青田县,青田县水务有限公司,金三角污水处理厂,3.0,863.97,MSBR,,消毒接触池,232.25,6.25,98.41,2.99,61.73,2.69,17.64,0.1,29.76,5.29,1.73,0.21,2618820.0,SBR工艺,MSBR
92,丽水市,青田县,青田县水务有限公司,中部组团污水处理厂,1.0,,A2O-SBR池,高效溶气气浮池,次氯酸钠消毒,168.31,8.67,71.0,1.96,52.44,4.41,8.52,0.33,13.99,5.82,0.86,0.05,145974.0,A2O法+SBR工艺,A2O
93,丽水市,云和县,云和县粤海环保有限公司,云和县污水处理厂,2.0,67300.0,改良A2O+IFAS+SBR,混凝沉淀++纤维滤布滤池,紫外线,124.39,16.66,65.02,1.0,38.83,3.44,11.75,0.41,18.29,6.86,1.04,0.14,2225595.0,A2O法+SBR工艺,Modified A2O
